datetime,open,high,low,close,volume2023-05-15 13:44:00,15439,15522,15425,15511,3
2023-05-15 13:44:00.017,15439,15522,15425,15510,1
2023-05-15 13:44:00.043,15439,15522,15425,15510,2
2023-05-15 13:44:00.043,15439,15522,15425,15511,2
2023-05-15 13:44:00.107,15439,15522,15425,15511,1
2023-05-15 13:44:00.165,15439,15522,15425,15511,1
2023-05-15 13:44:00.165,15439,15522,15425,15511,4
2023-05-15 13:44:00.166,15439,15522,15425,15511,2
2023-05-15 13:44:00.180,15439,15522,15425,15511,1
2023-05-15 13:44:00.218,15439,15522,15425,15511,1
2023-05-15 13:44:00.232,15439,15522,15425,15511,1
2023-05-15 13:44:00.313,15439,15522,15425,15511,3
2023-05-15 13:44:00.440,15439,15522,15425,15511,19
2023-05-15 13:44:00.440,15439,15522,15425,15511,5
2023-05-15 13:44:00.447,15439,15522,15425,15510,1
2023-05-15 13:44:00.644,15439,15522,15425,15510,1
2023-05-15 13:44:00.721,15439,15522,15425,15510,1
2023-05-15 13:44:00.729,15439,15522,15425,15510,1
2023-05-15 13:44:00.732,15439,15522,15425,15510,4
2023-05-15 13:44:00.769,15439,15522,15425,15510,2
2023-05-15 13:44:00.778,15439,15522,15425,15511,1
2023-05-15 13:44:00.847,15439,15522,15425,15511,1
2023-05-15 13:44:00.863,15439,15522,15425,15510,1
2023-05-15 13:44:00.882,15439,15522,15425,15511,1
2023-05-15 13:44:01.045,15439,15522,15425,15511,2
2023-05-15 13:44:01.672,15439,15522,15425,15511,1
2023-05-15 13:44:01.709,15439,15522,15425,15510,1
2023-05-15 13:44:02.043,15439,15522,15425,15511,2
2023-05-15 13:44:02.043,15439,15522,15425,15510,2
2023-05-15 13:44:02.335,15439,15522,15425,15511,2
2023-05-15 13:44:02.464,15439,15522,15425,15511,4
2023-05-15 13:44:02.554,15439,15522,15425,15510,1
2023-05-15 13:44:02.810,15439,15522,15425,15510,2
2023-05-15 13:44:03.036,15439,15522,15425,15510,1
2023-05-15 13:44:03.044,15439,15522,15425,15511,2
2023-05-15 13:44:03.045,15439,15522,15425,15510,2
2023-05-15 13:44:03.401,15439,15522,15425,15510,1
2023-05-15 13:44:03.852,15439,15522,15425,15511,5
2023-05-15 13:44:03.886,15439,15522,15425,15511,1
2023-05-15 13:44:04.046,15439,15522,15425,15511,2
2023-05-15 13:44:04.046,15439,15522,15425,15510,1
2023-05-15 13:44:04.246,15439,15522,15425,15510,1
2023-05-15 13:44:04.576,15439,15522,15425,15511,2
2023-05-15 13:44:04.950,15439,15522,15425,15511,1
2023-05-15 13:44:05.091,15439,15522,15425,15510,1
2023-05-15 13:44:05.207,15439,15522,15425,15511,2
2023-05-15 13:44:05.207,15439,15522,15425,15510,2
2023-05-15 13:44:05.629,15439,15522,15425,15510,23
2023-05-15 13:44:05.937,15439,15522,15425,15509,1
2023-05-15 13:44:06.043,15439,15522,15425,15511,3
2023-05-15 13:44:06.102,15439,15522,15425,15510,2
2023-05-15 13:44:06.102,15439,15522,15425,15510,2
2023-05-15 13:44:06.783,15439,15522,15425,15509,1
2023-05-15 13:44:06.897,15439,15522,15425,15510,2
2023-05-15 13:44:07.050,15439,15522,15425,15510,3
2023-05-15 13:44:07.050,15439,15522,15425,15509,1
2023-05-15 13:44:07.628,15439,15522,15425,15509,1
2023-05-15 13:44:07.681,15439,15522,15425,15510,1
2023-05-15 13:44:07.681,15439,15522,15425,15510,4
2023-05-15 13:44:08.043,15439,15522,15425,15511,3
2023-05-15 13:44:08.043,15439,15522,15425,15509,2
2023-05-15 13:44:08.474,15439,15522,15425,15509,1
2023-05-15 13:44:08.746,15439,15522,15425,15510,2
2023-05-15 13:44:08.746,15439,15522,15425,15511,1
2023-05-15 13:44:08.782,15439,15522,15425,15511,5
2023-05-15 13:44:09.043,15439,15522,15425,15509,2
2023-05-15 13:44:09.043,15439,15522,15425,15511,3
2023-05-15 13:44:09.259,15439,15522,15425,15511,1
2023-05-15 13:44:09.320,15439,15522,15425,15509,1
2023-05-15 13:44:10.027,15439,15522,15425,15509,2
2023-05-15 13:44:10.053,15439,15522,15425,15509,3
2023-05-15 13:44:10.053,15439,15522,15425,15510,1
2023-05-15 13:44:10.053,15439,15522,15425,15511,2
2023-05-15 13:44:10.082,15439,15522,15425,15509,2
2023-05-15 13:44:10.165,15439,15522,15425,15509,1
2023-05-15 13:44:10.577,15439,15522,15425,15509,2
2023-05-15 13:44:10.603,15439,15522,15425,15508,1
2023-05-15 13:44:10.919,15439,15522,15425,15509,1
2023-05-15 13:44:11.011,15439,15522,15425,15508,1
2023-05-15 13:44:11.044,15439,15522,15425,15510,3
2023-05-15 13:44:11.288,15439,15522,15425,15510,2
2023-05-15 13:44:11.545,15439,15522,15425,15509,2
2023-05-15 13:44:11.550,15439,15522,15425,15509,1
2023-05-15 13:44:11.857,15439,15522,15425,15508,1
2023-05-15 13:44:11.898,15439,15522,15425,15510,1
2023-05-15 13:44:12.044,15439,15522,15425,15510,1
2023-05-15 13:44:12.044,15439,15522,15425,15511,2
2023-05-15 13:44:12.044,15439,15522,15425,15509,1
2023-05-15 13:44:12.702,15439,15522,15425,15509,1
2023-05-15 13:44:12.770,15439,15522,15425,15510,5
2023-05-15 13:44:13.044,15439,15522,15425,15509,2
2023-05-15 13:44:13.045,15439,15522,15425,15510,1
2023-05-15 13:44:13.045,15439,15522,15425,15511,2
2023-05-15 13:44:13.249,15439,15522,15425,15509,3
2023-05-15 13:44:13.249,15439,15522,15425,15508,2
2023-05-15 13:44:13.548,15439,15522,15425,15509,1
2023-05-15 13:44:13.548,15439,15522,15425,15509,1
2023-05-15 13:44:14.044,15439,15522,15425,15509,2
2023-05-15 13:44:14.044,15439,15522,15425,15510,3
2023-05-15 13:44:14.358,15439,15522,15425,15509,3
2023-05-15 13:44:14.358,15439,15522,15425,15508,5
2023-05-15 13:44:14.393,15439,15522,15425,15508,1
2023-05-15 13:44:14.769,15439,15522,15425,15508,10
2023-05-15 13:44:14.856,15439,15522,15425,15509,4
2023-05-15 13:44:15.044,15439,15522,15425,15509,1
2023-05-15 13:44:15.044,15439,15522,15425,15510,2
2023-05-15 13:44:15.139,15439,15522,15425,15508,1
2023-05-15 13:44:15.239,15439,15522,15425,15510,4
2023-05-15 13:44:15.239,15439,15522,15425,15508,1
2023-05-15 13:44:16.016,15439,15522,15425,15509,2
2023-05-15 13:44:16.044,15439,15522,15425,15510,3
2023-05-15 13:44:16.044,15439,15522,15425,15508,2
2023-05-15 13:44:16.085,15439,15522,15425,15508,1
2023-05-15 13:44:16.347,15439,15522,15425,15510,5
2023-05-15 13:44:16.475,15439,15522,15425,15509,5
2023-05-15 13:44:16.699,15439,15522,15425,15510,3
2023-05-15 13:44:16.893,15439,15522,15425,15510,4
2023-05-15 13:44:16.931,15439,15522,15425,15509,1
2023-05-15 13:44:17.048,15439,15522,15425,15509,1
2023-05-15 13:44:17.048,15439,15522,15425,15510,3
2023-05-15 13:44:17.185,15439,15522,15425,15510,2
2023-05-15 13:44:17.777,15439,15522,15425,15509,1
2023-05-15 13:44:18.049,15439,15522,15425,15509,1
2023-05-15 13:44:18.049,15439,15522,15425,15508,1
2023-05-15 13:44:18.049,15439,15522,15425,15510,3
2023-05-15 13:44:18.289,15439,15522,15425,15510,1
2023-05-15 13:44:18.414,15439,15522,15425,15510,5
2023-05-15 13:44:18.487,15439,15522,15425,15509,1
2023-05-15 13:44:18.622,15439,15522,15425,15509,1
2023-05-15 13:44:19.044,15439,15522,15425,15510,3
2023-05-15 13:44:19.468,15439,15522,15425,15509,1
2023-05-15 13:44:20.048,15439,15522,15425,15509,1
2023-05-15 13:44:20.048,15439,15522,15425,15510,3
2023-05-15 13:44:20.313,15439,15522,15425,15509,1
2023-05-15 13:44:20.374,15439,15522,15425,15510,1
2023-05-15 13:44:20.574,15439,15522,15425,15510,1
2023-05-15 13:44:20.781,15439,15522,15425,15509,2
2023-05-15 13:44:20.867,15439,15522,15425,15509,1
2023-05-15 13:44:21.046,15439,15522,15425,15509,3
2023-05-15 13:44:21.046,15439,15522,15425,15510,3
2023-05-15 13:44:21.159,15439,15522,15425,15509,1
2023-05-15 13:44:21.334,15439,15522,15425,15510,1
2023-05-15 13:44:21.457,15439,15522,15425,15510,1
2023-05-15 13:44:21.779,15439,15522,15425,15510,2
2023-05-15 13:44:21.779,15439,15522,15425,15511,3
2023-05-15 13:44:22.004,15439,15522,15425,15509,1
2023-05-15 13:44:22.044,15439,15522,15425,15509,2
2023-05-15 13:44:22.044,15439,15522,15425,15510,1
2023-05-15 13:44:22.044,15439,15522,15425,15511,2
2023-05-15 13:44:22.357,15439,15522,15425,15511,1
2023-05-15 13:44:22.825,15439,15522,15425,15509,1
2023-05-15 13:44:22.850,15439,15522,15425,15509,1
2023-05-15 13:44:22.880,15439,15522,15425,15509,1
2023-05-15 13:44:23.049,15439,15522,15425,15511,3
2023-05-15 13:44:23.049,15439,15522,15425,15509,2
2023-05-15 13:44:23.507,15439,15522,15425,15510,1
2023-05-15 13:44:23.612,15439,15522,15425,15509,1
2023-05-15 13:44:23.696,15439,15522,15425,15509,1
2023-05-15 13:44:24.047,15439,15522,15425,15511,3
2023-05-15 13:44:24.541,15439,15522,15425,15509,1
2023-05-15 13:44:24.798,15439,15522,15425,15511,5
2023-05-15 13:44:24.997,15439,15522,15425,15511,2
2023-05-15 13:44:25.049,15439,15522,15425,15511,3
2023-05-15 13:44:25.049,15439,15522,15425,15510,1
2023-05-15 13:44:25.216,15439,15522,15425,15510,1
2023-05-15 13:44:25.244,15439,15522,15425,15509,4
2023-05-15 13:44:25.309,15439,15522,15425,15510,1
2023-05-15 13:44:25.386,15439,15522,15425,15509,1
2023-05-15 13:44:25.813,15439,15522,15425,15510,1
2023-05-15 13:44:26.045,15439,15522,15425,15511,3
2023-05-15 13:44:26.232,15439,15522,15425,15510,1
2023-05-15 13:44:26.246,15439,15522,15425,15511,2
2023-05-15 13:44:26.698,15439,15522,15425,15510,1
2023-05-15 13:44:27.046,15439,15522,15425,15511,3
2023-05-15 13:44:27.047,15439,15522,15425,15510,2
2023-05-15 13:44:27.078,15439,15522,15425,15510,1
2023-05-15 13:44:27.676,15439,15522,15425,15511,2
2023-05-15 13:44:27.685,15439,15522,15425,15511,2
2023-05-15 13:44:27.862,15439,15522,15425,15509,1
2023-05-15 13:44:27.923,15439,15522,15425,15509,1
2023-05-15 13:44:28.045,15439,15522,15425,15511,3
2023-05-15 13:44:28.769,15439,15522,15425,15509,1
2023-05-15 13:44:29.067,15439,15522,15425,15510,3
2023-05-15 13:44:29.067,15439,15522,15425,15510,3
2023-05-15 13:44:29.496,15439,15522,15425,15511,2
2023-05-15 13:44:29.615,15439,15522,15425,15509,1
2023-05-15 13:44:30.029,15439,15522,15425,15511,5
2023-05-15 13:44:30.114,15439,15522,15425,15511,5
2023-05-15 13:44:30.114,15439,15522,15425,15512,6
2023-05-15 13:44:30.461,15439,15522,15425,15510,1
2023-05-15 13:44:30.567,15439,15522,15425,15511,1
2023-05-15 13:44:30.567,15439,15522,15425,15511,1
2023-05-15 13:44:30.863,15439,15522,15425,15509,2
2023-05-15 13:44:30.981,15439,15522,15425,15510,1
2023-05-15 13:44:30.989,15439,15522,15425,15510,1
2023-05-15 13:44:30.989,15439,15522,15425,15509,1
2023-05-15 13:44:31.284,15439,15522,15425,15511,1
2023-05-15 13:44:31.307,15439,15522,15425,15510,1
2023-05-15 13:44:31.443,15439,15522,15425,15510,1
2023-05-15 13:44:31.490,15439,15522,15425,15510,1
2023-05-15 13:44:31.500,15439,15522,15425,15510,1
2023-05-15 13:44:31.757,15439,15522,15425,15510,8
2023-05-15 13:44:31.929,15439,15522,15425,15511,1
2023-05-15 13:44:32.152,15439,15522,15425,15510,1
2023-05-15 13:44:32.987,15439,15522,15425,15511,1
2023-05-15 13:44:32.998,15439,15522,15425,15510,1
2023-05-15 13:44:33,15439,15522,15425,15511,1
2023-05-15 13:44:33.042,15439,15522,15425,15510,1
2023-05-15 13:44:33.045,15439,15522,15425,15511,1
2023-05-15 13:44:33.672,15439,15522,15425,15511,1
2023-05-15 13:44:33.844,15439,15522,15425,15510,1
2023-05-15 13:44:34.401,15439,15522,15425,15510,2
2023-05-15 13:44:34.402,15439,15522,15425,15510,3
2023-05-15 13:44:34.689,15439,15522,15425,15510,1
2023-05-15 13:44:35.112,15439,15522,15425,15511,2
2023-05-15 13:44:35.535,15439,15522,15425,15510,1
2023-05-15 13:44:36.381,15439,15522,15425,15510,1
2023-05-15 13:44:36.495,15439,15522,15425,15511,1
2023-05-15 13:44:36.681,15439,15522,15425,15511,1
2023-05-15 13:44:37.213,15439,15522,15425,15511,2
2023-05-15 13:44:37.226,15439,15522,15425,15510,1
2023-05-15 13:44:37.349,15439,15522,15425,15511,3
2023-05-15 13:44:37.523,15439,15522,15425,15511,1
2023-05-15 13:44:38.071,15439,15522,15425,15510,1
2023-05-15 13:44:38.433,15439,15522,15425,15510,2
2023-05-15 13:44:38.916,15439,15522,15425,15510,1
2023-05-15 13:44:39,15439,15522,15425,15510,2
2023-05-15 13:44:39.293,15439,15522,15425,15511,1
2023-05-15 13:44:39.762,15439,15522,15425,15510,1
2023-05-15 13:44:40.151,15439,15522,15425,15511,2
2023-05-15 13:44:40.608,15439,15522,15425,15510,1
2023-05-15 13:44:40.738,15439,15522,15425,15511,1
2023-05-15 13:44:41.290,15439,15522,15425,15511,1
2023-05-15 13:44:41.453,15439,15522,15425,15510,1
2023-05-15 13:44:41.622,15439,15522,15425,15510,1
2023-05-15 13:44:41.622,15439,15522,15425,15510,10
2023-05-15 13:44:41.787,15439,15522,15425,15511,2
2023-05-15 13:44:42.299,15439,15522,15425,15510,1
2023-05-15 13:44:42.919,15439,15522,15425,15511,1
2023-05-15 13:44:43.125,15439,15522,15425,15510,5
2023-05-15 13:44:43.144,15439,15522,15425,15510,1
2023-05-15 13:44:43.990,15439,15522,15425,15510,1
2023-05-15 13:44:44.789,15439,15522,15425,15511,20
2023-05-15 13:44:44.835,15439,15522,15425,15510,1
2023-05-15 13:44:44.930,15439,15522,15425,15511,1
2023-05-15 13:44:45.002,15439,15522,15425,15510,11
2023-05-15 13:44:45.163,15439,15522,15425,15511,1
2023-05-15 13:44:45.500,15439,15522,15425,15512,6
2023-05-15 13:44:45.592,15439,15522,15425,15510,4
2023-05-15 13:44:45.592,15439,15522,15425,15509,4
2023-05-15 13:44:45.664,15439,15522,15425,15510,2
2023-05-15 13:44:45.664,15439,15522,15425,15509,2
2023-05-15 13:44:45.681,15439,15522,15425,15509,1
2023-05-15 13:44:45.745,15439,15522,15425,15511,1
2023-05-15 13:44:45.893,15439,15522,15425,15512,1
2023-05-15 13:44:45.893,15439,15522,15425,15512,1
2023-05-15 13:44:46.136,15439,15522,15425,15512,1
2023-05-15 13:44:46.526,15439,15522,15425,15510,1
2023-05-15 13:44:47.372,15439,15522,15425,15510,1
2023-05-15 13:44:47.427,15439,15522,15425,15510,1
2023-05-15 13:44:48.218,15439,15522,15425,15510,1
2023-05-15 13:44:48.218,15439,15522,15425,15510,1
2023-05-15 13:44:48.688,15439,15522,15425,15511,1
2023-05-15 13:44:48.968,15439,15522,15425,15509,2
2023-05-15 13:44:49.050,15439,15522,15425,15509,1
2023-05-15 13:44:49.051,15439,15522,15425,15511,1
2023-05-15 13:44:49.063,15439,15522,15425,15509,1
2023-05-15 13:44:49.153,15439,15522,15425,15509,4
2023-05-15 13:44:49.908,15439,15522,15425,15509,1
2023-05-15 13:44:50.533,15439,15522,15425,15511,1
2023-05-15 13:44:50.754,15439,15522,15425,15509,1
2023-05-15 13:44:50.795,15439,15522,15425,15510,1
2023-05-15 13:44:50.958,15439,15522,15425,15511,1
2023-05-15 13:44:51.140,15439,15522,15425,15510,1
2023-05-15 13:44:51.163,15439,15522,15425,15510,1
2023-05-15 13:44:51.163,15439,15522,15425,15511,2
2023-05-15 13:44:51.195,15439,15522,15425,15511,1
2023-05-15 13:44:51.522,15439,15522,15425,15509,3
2023-05-15 13:44:51.600,15439,15522,15425,15509,1
2023-05-15 13:44:51.779,15439,15522,15425,15509,2
2023-05-15 13:44:51.958,15439,15522,15425,15509,1
2023-05-15 13:44:52.077,15439,15522,15425,15509,2
2023-05-15 13:44:52.446,15439,15522,15425,15509,1
2023-05-15 13:44:53.220,15439,15522,15425,15509,1
2023-05-15 13:44:53.291,15439,15522,15425,15509,1
2023-05-15 13:44:53.761,15439,15522,15425,15510,1
2023-05-15 13:44:53.914,15439,15522,15425,15509,1
2023-05-15 13:44:54.078,15439,15522,15425,15510,4
2023-05-15 13:44:54.078,15439,15522,15425,15510,1
2023-05-15 13:44:54.137,15439,15522,15425,15509,1
2023-05-15 13:44:55.338,15439,15522,15425,15509,1
2023-05-15 13:44:55.342,15439,15522,15425,15509,1
2023-05-15 13:44:55.352,15439,15522,15425,15511,1
2023-05-15 13:44:55.464,15439,15522,15425,15510,1
2023-05-15 13:44:55.696,15439,15522,15425,15509,1
2023-05-15 13:44:56.113,15439,15522,15425,15511,1
2023-05-15 13:44:56.121,15439,15522,15425,15511,2
2023-05-15 13:44:56.345,15439,15522,15425,15509,1
2023-05-15 13:44:56.356,15439,15522,15425,15511,3
2023-05-15 13:44:56.356,15439,15522,15425,15512,6
2023-05-15 13:44:56.472,15439,15522,15425,15509,1
2023-05-15 13:44:56.602,15439,15522,15425,15509,2
2023-05-15 13:44:57.336,15439,15522,15425,15512,1
2023-05-15 13:44:57.336,15439,15522,15425,15512,1
2023-05-15 13:44:57.356,15439,15522,15425,15512,7
2023-05-15 13:44:57.405,15439,15522,15425,15510,1
2023-05-15 13:44:57.541,15439,15522,15425,15510,1
2023-05-15 13:44:57.636,15439,15522,15425,15512,1
2023-05-15 13:44:57.915,15439,15522,15425,15511,2
2023-05-15 13:44:57.938,15439,15522,15425,15510,1
2023-05-15 13:44:58.129,15439,15522,15425,15511,1
2023-05-15 13:44:58.136,15439,15522,15425,15510,1
2023-05-15 13:44:58.303,15439,15522,15425,15510,1
2023-05-15 13:44:58.351,15439,15522,15425,15512,8
2023-05-15 13:44:58.369,15439,15522,15425,15512,2
2023-05-15 13:44:58.513,15439,15522,15425,15512,1
2023-05-15 13:44:58.753,15439,15522,15425,15510,5
2023-05-15 13:44:58.757,15439,15522,15425,15511,2
2023-05-15 13:44:58.926,15439,15522,15425,15512,1
2023-05-15 13:44:58.988,15439,15522,15425,15511,1
2023-05-15 13:44:59.128,15439,15522,15425,15511,1
2023-05-15 13:44:59.358,15439,15522,15425,15512,2
2023-05-15 13:44:59.358,15439,15522,15425,15513,6
2023-05-15 13:44:59.597,15439,15522,15425,15510,2
2023-05-15 13:44:59.651,15439,15522,15425,15510,1
2023-05-16 04:59:00.661,15536,15609,15505,15590,1
2023-05-16 04:59:15.687,15536,15609,15505,15590,1
2023-05-16 04:59:20.733,15536,15609,15505,15589,2
2023-05-16 04:59:24.609,15536,15609,15505,15589,1
2023-05-16 04:59:25.686,15536,15609,15505,15588,2
2023-05-16 04:59:30.029,15536,15609,15505,15588,9
2023-05-16 04:59:31.146,15536,15609,15505,15588,1
2023-05-16 04:59:31.181,15536,15609,15505,15587,1
2023-05-16 04:59:31.188,15536,15609,15505,15587,1
2023-05-16 04:59:31.458,15536,15609,15505,15589,1
2023-05-16 04:59:31.596,15536,15609,15505,15587,1
2023-05-16 04:59:31.887,15536,15609,15505,15587,1
2023-05-16 04:59:36.331,15536,15609,15505,15589,1
2023-05-16 04:59:36.416,15536,15609,15505,15590,1
2023-05-16 04:59:38.092,15536,15609,15505,15588,1
2023-05-16 04:59:46.984,15536,15609,15505,15589,1
2023-05-16 04:59:50.645,15536,15609,15505,15590,4
2023-05-16 04:59:50.645,15536,15609,15505,15591,6
2023-05-16 04:59:51.352,15536,15609,15505,15589,2
2023-05-16 04:59:52.056,15536,15609,15505,15590,1
2023-05-16 04:59:52.444,15536,15609,15505,15592,1
2023-05-16 04:59:55.437,15536,15609,15505,15590,1
2023-05-16 04:59:56.252,15536,15609,15505,15589,1
2023-05-16 04:59:59.018,15536,15609,15505,15589,1
2023-05-16 13:44:00.048,15604,15723,15593,15688,1
2023-05-16 13:44:00.062,15604,15723,15593,15688,2
2023-05-16 13:44:00.192,15604,15723,15593,15688,1
2023-05-16 13:44:00.204,15604,15723,15593,15687,2
2023-05-16 13:44:00.249,15604,15723,15593,15688,10
2023-05-16 13:44:00.262,15604,15723,15593,15688,1
2023-05-16 13:44:00.262,15604,15723,15593,15689,36
2023-05-16 13:44:00.262,15604,15723,15593,15690,20
2023-05-16 13:44:00.264,15604,15723,15593,15690,51
2023-05-16 13:44:00.288,15604,15723,15593,15689,4
2023-05-16 13:44:00.402,15604,15723,15593,15690,3
2023-05-16 13:44:00.419,15604,15723,15593,15689,3
2023-05-16 13:44:00.485,15604,15723,15593,15689,1
2023-05-16 13:44:00.507,15604,15723,15593,15689,1
2023-05-16 13:44:00.532,15604,15723,15593,15689,1
2023-05-16 13:44:00.559,15604,15723,15593,15689,1
2023-05-16 13:44:00.710,15604,15723,15593,15689,1
2023-05-16 13:44:00.719,15604,15723,15593,15689,6
2023-05-16 13:44:00.757,15604,15723,15593,15690,1
2023-05-16 13:44:00.929,15604,15723,15593,15689,2
2023-05-16 13:44:00.947,15604,15723,15593,15690,1
2023-05-16 13:44:01.122,15604,15723,15593,15689,1
2023-05-16 13:44:01.150,15604,15723,15593,15689,1
2023-05-16 13:44:01.310,15604,15723,15593,15690,1
2023-05-16 13:44:01.608,15604,15723,15593,15689,1
2023-05-16 13:44:01.993,15604,15723,15593,15690,1
2023-05-16 13:44:02.281,15604,15723,15593,15689,1
2023-05-16 13:44:02.351,15604,15723,15593,15689,3
2023-05-16 13:44:02.372,15604,15723,15593,15689,2
2023-05-16 13:44:02.390,15604,15723,15593,15689,1
2023-05-16 13:44:02.436,15604,15723,15593,15689,1
2023-05-16 13:44:02.441,15604,15723,15593,15689,1
2023-05-16 13:44:02.442,15604,15723,15593,15689,1
2023-05-16 13:44:02.443,15604,15723,15593,15689,1
2023-05-16 13:44:02.449,15604,15723,15593,15689,1
2023-05-16 13:44:02.453,15604,15723,15593,15689,1
2023-05-16 13:44:02.457,15604,15723,15593,15689,2
2023-05-16 13:44:02.474,15604,15723,15593,15689,2
2023-05-16 13:44:02.886,15604,15723,15593,15689,1
2023-05-16 13:44:03.257,15604,15723,15593,15689,2
2023-05-16 13:44:03.270,15604,15723,15593,15689,4
2023-05-16 13:44:03.613,15604,15723,15593,15690,1
2023-05-16 13:44:03.640,15604,15723,15593,15689,1
2023-05-16 13:44:03.944,15604,15723,15593,15690,1
2023-05-16 13:44:03.986,15604,15723,15593,15690,2
2023-05-16 13:44:04.334,15604,15723,15593,15689,2
2023-05-16 13:44:04.379,15604,15723,15593,15689,10
2023-05-16 13:44:05.131,15604,15723,15593,15690,1
2023-05-16 13:44:05.976,15604,15723,15593,15689,5
2023-05-16 13:44:06.302,15604,15723,15593,15690,16
2023-05-16 13:44:06.476,15604,15723,15593,15691,1
2023-05-16 13:44:06.638,15604,15723,15593,15691,2
2023-05-16 13:44:06.701,15604,15723,15593,15690,1
2023-05-16 13:44:07.012,15604,15723,15593,15691,2
2023-05-16 13:44:07.257,15604,15723,15593,15691,9
2023-05-16 13:44:07.503,15604,15723,15593,15691,1
2023-05-16 13:44:08.046,15604,15723,15593,15691,1
2023-05-16 13:44:08.560,15604,15723,15593,15691,18
2023-05-16 13:44:08.560,15604,15723,15593,15691,4
2023-05-16 13:44:08.560,15604,15723,15593,15691,2
2023-05-16 13:44:09.596,15604,15723,15593,15690,5
2023-05-16 13:44:10.303,15604,15723,15593,15690,3
2023-05-16 13:44:10.311,15604,15723,15593,15691,1
2023-05-16 13:44:10.364,15604,15723,15593,15690,2
2023-05-16 13:44:10.691,15604,15723,15593,15691,1
2023-05-16 13:44:10.911,15604,15723,15593,15690,2
2023-05-16 13:44:12.253,15604,15723,15593,15691,2
2023-05-16 13:44:12.779,15604,15723,15593,15691,1
2023-05-16 13:44:14.678,15604,15723,15593,15691,2
2023-05-16 13:44:15.359,15604,15723,15593,15691,1
2023-05-16 13:44:15.827,15604,15723,15593,15691,1
2023-05-16 13:44:16.584,15604,15723,15593,15691,1
2023-05-16 13:44:16.782,15604,15723,15593,15691,1
2023-05-16 13:44:16.826,15604,15723,15593,15691,1
2023-05-16 13:44:17.364,15604,15723,15593,15690,2
2023-05-16 13:44:17.453,15604,15723,15593,15691,1
2023-05-16 13:44:18.705,15604,15723,15593,15691,3
2023-05-16 13:44:19.740,15604,15723,15593,15691,10
2023-05-16 13:44:20.312,15604,15723,15593,15690,3
2023-05-16 13:44:20.349,15604,15723,15593,15690,2
2023-05-16 13:44:20.603,15604,15723,15593,15690,5
2023-05-16 13:44:20.656,15604,15723,15593,15692,1
2023-05-16 13:44:21.576,15604,15723,15593,15690,8
2023-05-16 13:44:22.168,15604,15723,15593,15691,1
2023-05-16 13:44:22.578,15604,15723,15593,15691,2
2023-05-16 13:44:23.708,15604,15723,15593,15690,1
2023-05-16 13:44:23.866,15604,15723,15593,15691,1
2023-05-16 13:44:23.921,15604,15723,15593,15692,2
2023-05-16 13:44:24.523,15604,15723,15593,15691,1
2023-05-16 13:44:24.735,15604,15723,15593,15691,3
2023-05-16 13:44:24.735,15604,15723,15593,15692,1
2023-05-16 13:44:24.965,15604,15723,15593,15692,1
2023-05-16 13:44:25.982,15604,15723,15593,15692,1
2023-05-16 13:44:27.657,15604,15723,15593,15692,1
2023-05-16 13:44:29.106,15604,15723,15593,15692,1
2023-05-16 13:44:29.159,15604,15723,15593,15691,1
2023-05-16 13:44:29.199,15604,15723,15593,15691,1
2023-05-16 13:44:30.030,15604,15723,15593,15691,5
2023-05-16 13:44:30.163,15604,15723,15593,15691,2
2023-05-16 13:44:30.307,15604,15723,15593,15691,3
2023-05-16 13:44:30.330,15604,15723,15593,15691,3
2023-05-16 13:44:31.061,15604,15723,15593,15692,3
2023-05-16 13:44:31.134,15604,15723,15593,15692,1
2023-05-16 13:44:31.428,15604,15723,15593,15691,1
2023-05-16 13:44:31.485,15604,15723,15593,15691,1
2023-05-16 13:44:31.531,15604,15723,15593,15692,1
2023-05-16 13:44:31.624,15604,15723,15593,15691,1
2023-05-16 13:44:34.695,15604,15723,15593,15692,1
2023-05-16 13:44:35.060,15604,15723,15593,15692,4
2023-05-16 13:44:36.502,15604,15723,15593,15692,1
2023-05-16 13:44:36.570,15604,15723,15593,15691,1
2023-05-16 13:44:36.838,15604,15723,15593,15692,1
2023-05-16 13:44:37.488,15604,15723,15593,15691,1
2023-05-16 13:44:37.519,15604,15723,15593,15692,1
2023-05-16 13:44:38.645,15604,15723,15593,15692,2
2023-05-16 13:44:38.654,15604,15723,15593,15691,1
2023-05-16 13:44:39,15604,15723,15593,15692,3
2023-05-16 13:44:39.588,15604,15723,15593,15692,2
2023-05-16 13:44:40.022,15604,15723,15593,15692,1
2023-05-16 13:44:40.796,15604,15723,15593,15692,2
2023-05-16 13:44:41.814,15604,15723,15593,15692,1
2023-05-16 13:44:41.814,15604,15723,15593,15692,5
2023-05-16 13:44:42.334,15604,15723,15593,15692,1
2023-05-16 13:44:42.473,15604,15723,15593,15691,1
2023-05-16 13:44:42.682,15604,15723,15593,15692,1
2023-05-16 13:44:42.790,15604,15723,15593,15692,1
2023-05-16 13:44:43.193,15604,15723,15593,15692,2
2023-05-16 13:44:43.193,15604,15723,15593,15692,3
2023-05-16 13:44:43.288,15604,15723,15593,15693,1
2023-05-16 13:44:43.460,15604,15723,15593,15692,1
2023-05-16 13:44:43.468,15604,15723,15593,15692,1
2023-05-16 13:44:44.108,15604,15723,15593,15693,1
2023-05-16 13:44:44.360,15604,15723,15593,15692,1
2023-05-16 13:44:44.994,15604,15723,15593,15692,4
2023-05-16 13:44:45.002,15604,15723,15593,15691,13
2023-05-16 13:44:45.003,15604,15723,15593,15691,25
2023-05-16 13:44:45.011,15604,15723,15593,15692,1
2023-05-16 13:44:45.014,15604,15723,15593,15692,2
2023-05-16 13:44:45.066,15604,15723,15593,15692,3
2023-05-16 13:44:45.675,15604,15723,15593,15691,6
2023-05-16 13:44:45.955,15604,15723,15593,15690,1
2023-05-16 13:44:45.966,15604,15723,15593,15690,1
2023-05-16 13:44:45.971,15604,15723,15593,15690,2
2023-05-16 13:44:45.972,15604,15723,15593,15690,1
2023-05-16 13:44:46.041,15604,15723,15593,15690,3
2023-05-16 13:44:46.042,15604,15723,15593,15690,2
2023-05-16 13:44:46.060,15604,15723,15593,15690,2
2023-05-16 13:44:46.084,15604,15723,15593,15690,1
2023-05-16 13:44:46.189,15604,15723,15593,15690,2
2023-05-16 13:44:46.189,15604,15723,15593,15690,2
2023-05-16 13:44:46.526,15604,15723,15593,15690,1
2023-05-16 13:44:46.813,15604,15723,15593,15691,1
2023-05-16 13:44:46.833,15604,15723,15593,15691,1
2023-05-16 13:44:46.901,15604,15723,15593,15691,4
2023-05-16 13:44:46.901,15604,15723,15593,15691,1
2023-05-16 13:44:46.955,15604,15723,15593,15690,4
2023-05-16 13:44:46.982,15604,15723,15593,15690,2
2023-05-16 13:44:47.269,15604,15723,15593,15691,1
2023-05-16 13:44:47.584,15604,15723,15593,15691,1
2023-05-16 13:44:47.585,15604,15723,15593,15691,2
2023-05-16 13:44:47.761,15604,15723,15593,15691,1
2023-05-16 13:44:48.820,15604,15723,15593,15691,1
2023-05-16 13:44:49.407,15604,15723,15593,15690,1
2023-05-16 13:44:49.443,15604,15723,15593,15691,11
2023-05-16 13:44:50.038,15604,15723,15593,15691,1
2023-05-16 13:44:50.267,15604,15723,15593,15691,2
2023-05-16 13:44:50.267,15604,15723,15593,15690,1
2023-05-16 13:44:50.298,15604,15723,15593,15690,2
2023-05-16 13:44:50.887,15604,15723,15593,15690,1
2023-05-16 13:44:51.097,15604,15723,15593,15692,2
2023-05-16 13:44:51.377,15604,15723,15593,15690,1
2023-05-16 13:44:51.545,15604,15723,15593,15692,1
2023-05-16 13:44:51.639,15604,15723,15593,15692,3
2023-05-16 13:44:51.918,15604,15723,15593,15692,1
2023-05-16 13:44:52.155,15604,15723,15593,15692,1
2023-05-16 13:44:53.286,15604,15723,15593,15691,2
2023-05-16 13:44:53.306,15604,15723,15593,15692,1
2023-05-16 13:44:53.592,15604,15723,15593,15690,1
2023-05-16 13:44:53.643,15604,15723,15593,15690,10
2023-05-16 13:44:53.879,15604,15723,15593,15692,1
2023-05-16 13:44:54.959,15604,15723,15593,15690,1
2023-05-16 13:44:55.018,15604,15723,15593,15690,2
2023-05-16 13:44:55.252,15604,15723,15593,15690,1
2023-05-16 13:44:55.360,15604,15723,15593,15691,1
2023-05-16 13:44:55.454,15604,15723,15593,15691,1
2023-05-16 13:44:55.515,15604,15723,15593,15690,2
2023-05-16 13:44:55.555,15604,15723,15593,15690,1
2023-05-16 13:44:55.556,15604,15723,15593,15691,1
2023-05-16 13:44:55.715,15604,15723,15593,15690,2
2023-05-16 13:44:55.743,15604,15723,15593,15691,4
2023-05-16 13:44:55.849,15604,15723,15593,15691,1
2023-05-16 13:44:55.917,15604,15723,15593,15691,3
2023-05-16 13:44:56.033,15604,15723,15593,15691,2
2023-05-16 13:44:56.100,15604,15723,15593,15690,2
2023-05-16 13:44:56.149,15604,15723,15593,15690,1
2023-05-16 13:44:56.339,15604,15723,15593,15691,1
2023-05-16 13:44:56.448,15604,15723,15593,15690,1
2023-05-16 13:44:56.471,15604,15723,15593,15691,1
2023-05-16 13:44:56.749,15604,15723,15593,15691,1
2023-05-16 13:44:56.790,15604,15723,15593,15691,1
2023-05-16 13:44:57.048,15604,15723,15593,15690,1
2023-05-16 13:44:57.174,15604,15723,15593,15692,1
2023-05-16 13:44:57.272,15604,15723,15593,15692,1
2023-05-16 13:44:57.331,15604,15723,15593,15692,1
2023-05-16 13:44:57.348,15604,15723,15593,15690,1
2023-05-16 13:44:57.649,15604,15723,15593,15690,1
2023-05-16 13:44:57.670,15604,15723,15593,15692,3
2023-05-16 13:44:57.678,15604,15723,15593,15692,1
2023-05-16 13:44:58.659,15604,15723,15593,15690,1
2023-05-16 13:44:58.711,15604,15723,15593,15691,1
2023-05-16 13:44:58.711,15604,15723,15593,15692,2
2023-05-16 13:44:59.600,15604,15723,15593,15690,1
2023-05-16 13:44:59.600,15604,15723,15593,15692,1
2023-05-16 13:44:59.883,15604,15723,15593,15691,1
2023-05-16 13:44:59.887,15604,15723,15593,15692,1
2023-05-16 13:44:59.977,15604,15723,15593,15690,1
2023-05-26 04:59:01.049,16224,16375,16196,16371,1
2023-05-26 04:59:10.230,16224,16375,16196,16373,1
2023-05-26 04:59:11.003,16224,16375,16196,16373,1
2023-05-26 04:59:17.307,16224,16375,16196,16373,1
2023-05-26 04:59:19.103,16224,16375,16196,16372,1
2023-05-26 04:59:19.257,16224,16375,16196,16372,1
2023-05-26 04:59:19.257,16224,16375,16196,16371,4
2023-05-26 04:59:21.180,16224,16375,16196,16371,1
2023-05-26 04:59:23.974,16224,16375,16196,16373,2
2023-05-26 04:59:28.042,16224,16375,16196,16372,1
2023-05-26 04:59:30,16224,16375,16196,16373,1
2023-05-26 04:59:30.029,16224,16375,16196,16372,2
2023-05-26 04:59:30.029,16224,16375,16196,16371,3
2023-05-26 04:59:30.200,16224,16375,16196,16374,14
2023-05-26 04:59:30.500,16224,16375,16196,16375,27
2023-05-26 04:59:30.950,16224,16376,16196,16376,10
2023-05-26 04:59:30.980,16224,16376,16196,16372,1
2023-05-26 04:59:31.135,16224,16377,16196,16377,1
2023-05-26 04:59:31.225,16224,16377,16196,16377,2
2023-05-26 04:59:31.227,16224,16377,16196,16372,1
2023-05-26 04:59:31.230,16224,16377,16196,16377,1
2023-05-26 04:59:31.625,16224,16377,16196,16377,9
2023-05-26 04:59:32.637,16224,16378,16196,16378,24
2023-05-26 04:59:33.302,16224,16378,16196,16375,1
2023-05-26 04:59:33.456,16224,16378,16196,16375,1
2023-05-26 04:59:34.156,16224,16378,16196,16378,2
2023-05-26 04:59:36.156,16224,16378,16196,16378,3
2023-05-26 04:59:37.581,16224,16378,16196,16378,1
2023-05-26 04:59:38.156,16224,16378,16196,16378,2
2023-05-26 04:59:38.638,16224,16378,16196,16375,3
2023-05-26 04:59:40.156,16224,16378,16196,16378,3
2023-05-26 04:59:41.781,16224,16378,16196,16378,2
2023-05-26 04:59:41.781,16224,16379,16196,16379,2
2023-05-26 04:59:42.156,16224,16379,16196,16379,2
2023-05-26 04:59:43.472,16224,16379,16196,16376,1
2023-05-26 04:59:48.308,16224,16379,16196,16378,1
2023-05-26 04:59:49.894,16224,16379,16196,16378,2
2023-05-26 04:59:50.568,16224,16379,16196,16376,1
2023-05-26 04:59:56.391,16224,16379,16196,16378,1
2023-05-26 05:00:00.035,16224,16379,16196,16377,1
2023-05-26 13:44:00.050,16362,16456,16346,16440,1
2023-05-26 13:44:00.072,16362,16456,16346,16438,6
2023-05-26 13:44:00.076,16362,16456,16346,16440,2
2023-05-26 13:44:00.158,16362,16456,16346,16440,1
2023-05-26 13:44:00.202,16362,16456,16346,16438,1
2023-05-26 13:44:00.211,16362,16456,16346,16438,2
2023-05-26 13:44:00.258,16362,16456,16346,16438,4
2023-05-26 13:44:00.258,16362,16456,16346,16438,1
2023-05-26 13:44:00.331,16362,16456,16346,16438,1
2023-05-26 13:44:00.455,16362,16456,16346,16439,1
2023-05-26 13:44:00.663,16362,16456,16346,16440,1
2023-05-26 13:44:00.690,16362,16456,16346,16439,1
2023-05-26 13:44:00.690,16362,16456,16346,16438,5
2023-05-26 13:44:00.776,16362,16456,16346,16440,1
2023-05-26 13:44:00.819,16362,16456,16346,16438,1
2023-05-26 13:44:00.870,16362,16456,16346,16439,1
2023-05-26 13:44:00.909,16362,16456,16346,16440,5
2023-05-26 13:44:01.037,16362,16456,16346,16440,1
2023-05-26 13:44:01.118,16362,16456,16346,16438,1
2023-05-26 13:44:01.152,16362,16456,16346,16440,1
2023-05-26 13:44:01.364,16362,16456,16346,16438,1
2023-05-26 13:44:01.380,16362,16456,16346,16438,3
2023-05-26 13:44:01.518,16362,16456,16346,16439,2
2023-05-26 13:44:01.797,16362,16456,16346,16439,1
2023-05-26 13:44:02.039,16362,16456,16346,16438,1
2023-05-26 13:44:02.041,16362,16456,16346,16439,1
2023-05-26 13:44:02.070,16362,16456,16346,16438,6
2023-05-26 13:44:02.076,16362,16456,16346,16438,8
2023-05-26 13:44:02.076,16362,16456,16346,16438,25
2023-05-26 13:44:02.743,16362,16456,16346,16439,1
2023-05-26 13:44:02.820,16362,16456,16346,16437,3
2023-05-26 13:44:02.820,16362,16456,16346,16439,1
2023-05-26 13:44:02.846,16362,16456,16346,16437,2
2023-05-26 13:44:02.954,16362,16456,16346,16439,2
2023-05-26 13:44:03.087,16362,16456,16346,16439,3
2023-05-26 13:44:03.193,16362,16456,16346,16438,3
2023-05-26 13:44:03.322,16362,16456,16346,16438,1
2023-05-26 13:44:03.603,16362,16456,16346,16438,2
2023-05-26 13:44:03.633,16362,16456,16346,16439,1
2023-05-26 13:44:04.039,16362,16456,16346,16439,1
2023-05-26 13:44:04.074,16362,16456,16346,16438,6
2023-05-26 13:44:04.389,16362,16456,16346,16439,2
2023-05-26 13:44:04.662,16362,16456,16346,16439,1
2023-05-26 13:44:04.843,16362,16456,16346,16439,1
2023-05-26 13:44:04.867,16362,16456,16346,16439,1
2023-05-26 13:44:05.046,16362,16456,16346,16439,1
2023-05-26 13:44:05.528,16362,16456,16346,16438,1
2023-05-26 13:44:05.843,16362,16456,16346,16439,2
2023-05-26 13:44:05.850,16362,16456,16346,16439,1
2023-05-26 13:44:06.209,16362,16456,16346,16438,8
2023-05-26 13:44:06.323,16362,16456,16346,16439,1
2023-05-26 13:44:07.030,16362,16456,16346,16439,1
2023-05-26 13:44:07.318,16362,16456,16346,16439,2
2023-05-26 13:44:07.733,16362,16456,16346,16438,1
2023-05-26 13:44:07.893,16362,16456,16346,16439,1
2023-05-26 13:44:08.041,16362,16456,16346,16439,1
2023-05-26 13:44:08.512,16362,16456,16346,16439,1
2023-05-26 13:44:08.513,16362,16456,16346,16439,3
2023-05-26 13:44:08.513,16362,16456,16346,16439,1
2023-05-26 13:44:08.661,16362,16456,16346,16439,1
2023-05-26 13:44:08.758,16362,16456,16346,16439,1
2023-05-26 13:44:08.781,16362,16456,16346,16439,2
2023-05-26 13:44:09.179,16362,16456,16346,16439,1
2023-05-26 13:44:09.820,16362,16456,16346,16439,1
2023-05-26 13:44:09.945,16362,16456,16346,16438,1
2023-05-26 13:44:09.948,16362,16456,16346,16438,1
2023-05-26 13:44:10.032,16362,16456,16346,16439,1
2023-05-26 13:44:10.222,16362,16456,16346,16439,1
2023-05-26 13:44:10.227,16362,16456,16346,16439,2
2023-05-26 13:44:10.831,16362,16456,16346,16439,1
2023-05-26 13:44:11.021,16362,16456,16346,16439,1
2023-05-26 13:44:11.021,16362,16456,16346,16439,2
2023-05-26 13:44:11.171,16362,16456,16346,16439,2
2023-05-26 13:44:11.371,16362,16456,16346,16438,1
2023-05-26 13:44:11.417,16362,16456,16346,16439,1
2023-05-26 13:44:11.417,16362,16456,16346,16439,1
2023-05-26 13:44:11.599,16362,16456,16346,16438,2
2023-05-26 13:44:11.617,16362,16456,16346,16438,4
2023-05-26 13:44:11.783,16362,16456,16346,16440,2
2023-05-26 13:44:11.912,16362,16456,16346,16439,1
2023-05-26 13:44:12.026,16362,16456,16346,16439,1
2023-05-26 13:44:12.149,16362,16456,16346,16438,1
2023-05-26 13:44:12.297,16362,16456,16346,16439,1
2023-05-26 13:44:12.661,16362,16456,16346,16439,1
2023-05-26 13:44:12.838,16362,16456,16346,16438,1
2023-05-26 13:44:12.868,16362,16456,16346,16439,1
2023-05-26 13:44:13.082,16362,16456,16346,16438,1
2023-05-26 13:44:13.254,16362,16456,16346,16439,2
2023-05-26 13:44:13.274,16362,16456,16346,16438,1
2023-05-26 13:44:13.398,16362,16456,16346,16439,3
2023-05-26 13:44:13.516,16362,16456,16346,16439,3
2023-05-26 13:44:13.890,16362,16456,16346,16439,1
2023-05-26 13:44:14.361,16362,16456,16346,16438,1
2023-05-26 13:44:14.677,16362,16456,16346,16439,2
2023-05-26 13:44:14.878,16362,16456,16346,16439,1
2023-05-26 13:44:15.750,16362,16456,16346,16439,1
2023-05-26 13:44:16.112,16362,16456,16346,16439,2
2023-05-26 13:44:16.563,16362,16456,16346,16438,1
2023-05-26 13:44:16.665,16362,16456,16346,16439,1
2023-05-26 13:44:16.772,16362,16456,16346,16439,1
2023-05-26 13:44:16.885,16362,16456,16346,16439,1
2023-05-26 13:44:17.503,16362,16456,16346,16439,1
2023-05-26 13:44:17.542,16362,16456,16346,16440,1
2023-05-26 13:44:17.593,16362,16456,16346,16440,2
2023-05-26 13:44:17.749,16362,16456,16346,16440,2
2023-05-26 13:44:17.784,16362,16456,16346,16439,4
2023-05-26 13:44:18.056,16362,16456,16346,16439,1
2023-05-26 13:44:18.132,16362,16456,16346,16439,1
2023-05-26 13:44:18.751,16362,16456,16346,16438,1
2023-05-26 13:44:18.754,16362,16456,16346,16439,1
2023-05-26 13:44:18.805,16362,16456,16346,16439,1
2023-05-26 13:44:19.052,16362,16456,16346,16439,2
2023-05-26 13:44:19.449,16362,16456,16346,16439,3
2023-05-26 13:44:19.582,16362,16456,16346,16439,4
2023-05-26 13:44:20.222,16362,16456,16346,16439,1
2023-05-26 13:44:20.503,16362,16456,16346,16439,2
2023-05-26 13:44:20.665,16362,16456,16346,16439,1
2023-05-26 13:44:20.666,16362,16456,16346,16438,3
2023-05-26 13:44:20.727,16362,16456,16346,16438,2
2023-05-26 13:44:20.833,16362,16456,16346,16439,1
2023-05-26 13:44:20.960,16362,16456,16346,16438,1
2023-05-26 13:44:21.839,16362,16456,16346,16439,1
2023-05-26 13:44:21.985,16362,16456,16346,16439,2
2023-05-26 13:44:22.020,16362,16456,16346,16439,1
2023-05-26 13:44:22.040,16362,16456,16346,16439,2
2023-05-26 13:44:22.205,16362,16456,16346,16439,1
2023-05-26 13:44:22.884,16362,16456,16346,16439,1
2023-05-26 13:44:23.169,16362,16456,16346,16438,1
2023-05-26 13:44:23.445,16362,16456,16346,16439,2
2023-05-26 13:44:23.847,16362,16456,16346,16439,1
2023-05-26 13:44:24.272,16362,16456,16346,16439,2
2023-05-26 13:44:24.498,16362,16456,16346,16438,1
2023-05-26 13:44:24.665,16362,16456,16346,16439,1
2023-05-26 13:44:24.779,16362,16456,16346,16439,5
2023-05-26 13:44:24.871,16362,16456,16346,16439,1
2023-05-26 13:44:24.884,16362,16456,16346,16439,2
2023-05-26 13:44:25.013,16362,16456,16346,16438,1
2023-05-26 13:44:25.340,16362,16456,16346,16439,2
2023-05-26 13:44:25.371,16362,16456,16346,16438,1
2023-05-26 13:44:25.558,16362,16456,16346,16439,1
2023-05-26 13:44:26.106,16362,16456,16346,16438,1
2023-05-26 13:44:26.305,16362,16456,16346,16439,2
2023-05-26 13:44:26.895,16362,16456,16346,16439,1
2023-05-26 13:44:27.472,16362,16456,16346,16438,1
2023-05-26 13:44:27.579,16362,16456,16346,16438,1
2023-05-26 13:44:27.624,16362,16456,16346,16439,11
2023-05-26 13:44:27.764,16362,16456,16346,16439,2
2023-05-26 13:44:27.924,16362,16456,16346,16439,1
2023-05-26 13:44:28.048,16362,16456,16346,16438,3
2023-05-26 13:44:28.234,16362,16456,16346,16439,1
2023-05-26 13:44:28.668,16362,16456,16346,16439,2
2023-05-26 13:44:28.838,16362,16456,16346,16438,1
2023-05-26 13:44:29.080,16362,16456,16346,16439,5
2023-05-26 13:44:29.201,16362,16456,16346,16439,2
2023-05-26 13:44:29.288,16362,16456,16346,16438,3
2023-05-26 13:44:29.781,16362,16456,16346,16438,1
2023-05-26 13:44:29.849,16362,16456,16346,16439,1
2023-05-26 13:44:29.992,16362,16456,16346,16439,1
2023-05-26 13:44:30.029,16362,16456,16346,16438,12
2023-05-26 13:44:30.093,16362,16456,16346,16439,5
2023-05-26 13:44:30.093,16362,16456,16346,16440,1
2023-05-26 13:44:30.459,16362,16456,16346,16440,5
2023-05-26 13:44:30.660,16362,16456,16346,16440,2
2023-05-26 13:44:30.808,16362,16456,16346,16438,3
2023-05-26 13:44:30.814,16362,16456,16346,16438,3
2023-05-26 13:44:30.889,16362,16456,16346,16439,1
2023-05-26 13:44:30.975,16362,16456,16346,16439,1
2023-05-26 13:44:31.339,16362,16456,16346,16439,1
2023-05-26 13:44:32.143,16362,16456,16346,16440,2
2023-05-26 13:44:32.592,16362,16456,16346,16440,6
2023-05-26 13:44:32.657,16362,16456,16346,16440,2
2023-05-26 13:44:32.657,16362,16456,16346,16440,41
2023-05-26 13:44:32.865,16362,16456,16346,16439,1
2023-05-26 13:44:33.020,16362,16456,16346,16440,1
2023-05-26 13:44:33.237,16362,16456,16346,16440,1
2023-05-26 13:44:33.553,16362,16456,16346,16441,1
2023-05-26 13:44:33.633,16362,16456,16346,16441,2
2023-05-26 13:44:34.627,16362,16456,16346,16440,1
2023-05-26 13:44:34.869,16362,16456,16346,16441,2
2023-05-26 13:44:36.115,16362,16456,16346,16441,2
2023-05-26 13:44:36.217,16362,16456,16346,16441,1
2023-05-26 13:44:36.566,16362,16456,16346,16441,1
2023-05-26 13:44:36.658,16362,16456,16346,16441,2
2023-05-26 13:44:37.068,16362,16456,16346,16439,1
2023-05-26 13:44:37.350,16362,16456,16346,16441,2
2023-05-26 13:44:37.959,16362,16456,16346,16439,1
2023-05-26 13:44:38.583,16362,16456,16346,16441,2
2023-05-26 13:44:38.866,16362,16456,16346,16441,1
2023-05-26 13:44:39,16362,16456,16346,16439,2
2023-05-26 13:44:39.109,16362,16456,16346,16439,1
2023-05-26 13:44:39.815,16362,16456,16346,16441,2
2023-05-26 13:44:40.021,16362,16456,16346,16441,2
2023-05-26 13:44:40.172,16362,16456,16346,16440,1
2023-05-26 13:44:40.172,16362,16456,16346,16439,4
2023-05-26 13:44:40.252,16362,16456,16346,16440,3
2023-05-26 13:44:40.312,16362,16456,16346,16441,1
2023-05-26 13:44:40.460,16362,16456,16346,16439,3
2023-05-26 13:44:40.668,16362,16456,16346,16441,1
2023-05-26 13:44:40.668,16362,16456,16346,16442,1
2023-05-26 13:44:40.876,16362,16456,16346,16441,1
2023-05-26 13:44:41.187,16362,16456,16346,16441,1
2023-05-26 13:44:41.312,16362,16456,16346,16441,1
2023-05-26 13:44:41.562,16362,16456,16346,16441,1
2023-05-26 13:44:43.537,16362,16456,16346,16441,1
2023-05-26 13:44:44.019,16362,16456,16346,16441,1
2023-05-26 13:44:44.091,16362,16456,16346,16441,5
2023-05-26 13:44:44.708,16362,16456,16346,16440,1
2023-05-26 13:44:45.002,16362,16456,16346,16440,3
2023-05-26 13:44:45.120,16362,16456,16346,16440,7
2023-05-26 13:44:45.189,16362,16456,16346,16440,1
2023-05-26 13:44:45.423,16362,16456,16346,16440,1
2023-05-26 13:44:45.598,16362,16456,16346,16440,3
2023-05-26 13:44:45.620,16362,16456,16346,16440,2
2023-05-26 13:44:45.672,16362,16456,16346,16440,5
2023-05-26 13:44:45.672,16362,16456,16346,16440,1
2023-05-26 13:44:45.771,16362,16456,16346,16439,1
2023-05-26 13:44:46.129,16362,16456,16346,16439,3
2023-05-26 13:44:46.132,16362,16456,16346,16439,2
2023-05-26 13:44:46.148,16362,16456,16346,16439,1
2023-05-26 13:44:46.150,16362,16456,16346,16439,2
2023-05-26 13:44:46.161,16362,16456,16346,16439,1
2023-05-26 13:44:46.167,16362,16456,16346,16439,1
2023-05-26 13:44:46.169,16362,16456,16346,16439,2
2023-05-26 13:44:46.227,16362,16456,16346,16439,1
2023-05-26 13:44:46.279,16362,16456,16346,16440,1
2023-05-26 13:44:46.288,16362,16456,16346,16440,1
2023-05-26 13:44:46.298,16362,16456,16346,16440,2
2023-05-26 13:44:46.301,16362,16456,16346,16440,2
2023-05-26 13:44:46.301,16362,16456,16346,16440,1
2023-05-26 13:44:46.541,16362,16456,16346,16441,1
2023-05-26 13:44:46.553,16362,16456,16346,16439,4
2023-05-26 13:44:46.893,16362,16456,16346,16439,1
2023-05-26 13:44:47.698,16362,16456,16346,16439,1
2023-05-26 13:44:48.125,16362,16456,16346,16440,1
2023-05-26 13:44:48.698,16362,16456,16346,16439,2
2023-05-26 13:44:49.492,16362,16456,16346,16440,1
2023-05-26 13:44:49.511,16362,16456,16346,16440,1
2023-05-26 13:44:50.130,16362,16456,16346,16440,1
2023-05-26 13:44:50.432,16362,16456,16346,16439,1
2023-05-26 13:44:50.667,16362,16456,16346,16439,3
2023-05-26 13:44:50.709,16362,16456,16346,16439,2
2023-05-26 13:44:50.709,16362,16456,16346,16439,2
2023-05-26 13:44:50.780,16362,16456,16346,16439,2
2023-05-26 13:44:50.853,16362,16456,16346,16439,2
2023-05-26 13:44:51.206,16362,16456,16346,16440,1
2023-05-26 13:44:52.235,16362,16456,16346,16439,5
2023-05-26 13:44:52.475,16362,16456,16346,16440,2
2023-05-26 13:44:52.709,16362,16456,16346,16438,1
2023-05-26 13:44:53.598,16362,16456,16346,16440,2
2023-05-26 13:44:53.641,16362,16456,16346,16438,34
2023-05-26 13:44:53.674,16362,16456,16346,16437,2
2023-05-26 13:44:53.708,16362,16456,16346,16438,1
2023-05-26 13:44:53.780,16362,16456,16346,16438,1
2023-05-26 13:44:54.309,16362,16456,16346,16438,1
2023-05-26 13:44:54.709,16362,16456,16346,16438,1
2023-05-26 13:44:55.002,16362,16456,16346,16437,2
2023-05-26 13:44:55.062,16362,16456,16346,16438,1
2023-05-26 13:44:55.136,16362,16456,16346,16437,1
2023-05-26 13:44:55.250,16362,16456,16346,16438,1
2023-05-26 13:44:55.303,16362,16456,16346,16438,1
2023-05-26 13:44:55.419,16362,16456,16346,16438,1
2023-05-26 13:44:55.420,16362,16456,16346,16438,1
2023-05-26 13:44:55.468,16362,16456,16346,16438,2
2023-05-26 13:44:55.538,16362,16456,16346,16438,1
2023-05-26 13:44:55.676,16362,16456,16346,16438,1
2023-05-26 13:44:55.758,16362,16456,16346,16439,5
2023-05-26 13:44:56.180,16362,16456,16346,16439,2
2023-05-26 13:44:56.335,16362,16456,16346,16438,7
2023-05-26 13:44:56.335,16362,16456,16346,16437,1
2023-05-26 13:44:56.623,16362,16456,16346,16437,3
2023-05-26 13:44:56.817,16362,16456,16346,16437,17
2023-05-26 13:44:56.817,16362,16456,16346,16436,26
2023-05-26 13:44:56.818,16362,16456,16346,16436,1
2023-05-26 13:44:56.823,16362,16456,16346,16435,1
2023-05-26 13:44:56.823,16362,16456,16346,16435,2
2023-05-26 13:44:56.872,16362,16456,16346,16436,1
2023-05-26 13:44:56.883,16362,16456,16346,16436,3
2023-05-26 13:44:56.904,16362,16456,16346,16435,1
2023-05-26 13:44:56.908,16362,16456,16346,16435,4
2023-05-26 13:44:57.337,16362,16456,16346,16435,1
2023-05-26 13:44:57.346,16362,16456,16346,16435,1
2023-05-26 13:44:57.386,16362,16456,16346,16435,1
2023-05-26 13:44:57.692,16362,16456,16346,16436,1
2023-05-26 13:44:57.692,16362,16456,16346,16436,8
2023-05-26 13:44:57.696,16362,16456,16346,16435,10
2023-05-26 13:44:57.710,16362,16456,16346,16436,1
2023-05-26 13:44:57.720,16362,16456,16346,16436,1
2023-05-26 13:44:57.728,16362,16456,16346,16436,1
2023-05-26 13:44:57.742,16362,16456,16346,16436,1
2023-05-26 13:44:57.779,16362,16456,16346,16435,1
2023-05-26 13:44:58.091,16362,16456,16346,16436,5
2023-05-26 13:44:58.092,16362,16456,16346,16436,4
2023-05-26 13:44:58.198,16362,16456,16346,16436,1
2023-05-26 13:44:58.343,16362,16456,16346,16435,2
2023-05-26 13:44:58.353,16362,16456,16346,16435,2
2023-05-26 13:44:58.354,16362,16456,16346,16436,1
2023-05-26 13:44:58.452,16362,16456,16346,16436,1
2023-05-26 13:44:58.759,16362,16456,16346,16436,1
2023-05-26 13:44:59.166,16362,16456,16346,16435,1
2023-05-26 13:44:59.391,16362,16456,16346,16435,1
2023-05-26 13:44:59.598,16362,16456,16346,16436,3
2023-05-26 13:44:59.598,16362,16456,16346,16436,1
2023-05-26 13:44:59.862,16362,16456,16346,16435,1
